Element	conservation_level	n	kendall_tau	tau_p
BCL11A	mammals	2044	0.030453421824016707	0.03916186948369441
F9	mammals	984	0.13825223911219192	1.1968974444408017e-10
FOXE1	mammals	2021	-0.001777883162900017	0.9046544805668785
GP1BA	mammals	1241	0.27016646956380697	2.2425020080604936e-45
HBB	mammals	619	0.19307978070651535	1.0034091466068227e-12
HBG1	mammals	817	0.21322900600857456	2.831783984498403e-19
HBG1	primates	90	0.28776688738307593	6.500050799808798e-05
HNF4A	mammals	977	0.13700549405355353	1.8431511563394592e-10
IRF4	great_apes	115	-0.05832859184086433	0.35691065765497654
IRF4	mammals	1370	0.12785602400212787	4.210898454698173e-11
IRF6	mammals	1884	0.1496548637654933	6.33755992164478e-22
LDLR	mammals	1011	0.24345548868615202	4.0664099062431617e-29
LDLR	primates	72	-0.1298904538341158	0.10654173585394726
LDLR.2	mammals	1014	0.24314710718447077	4.45669587292533e-28
LDLR.2	primates	79	0.029225527090970056	0.7031945212624733
MSMB	mammals	1787	0.20447852403635206	2.9873840884809206e-37
MSMB	primates	232	-0.00496611539657659	0.9103839767983828
MYCrs11986220	apes	63	-0.03737839221710189	0.6650368979055388
MYCrs11986220	mammals	143	-0.05289077120063035	0.34863396705293326
MYCrs11986220	primates	1467	-0.009198773870112224	0.597616749937953
MYCrs6983267	mammals	1950	0.0442716737246358	0.003417034988536268
PKLR-24h	mammals	1569	0.2211149525703134	8.267344602952278e-39
PKLR-24h	primates	207	0.2020853670386521	1.564913670060901e-05
PKLR-48h	mammals	1579	0.25498253857150066	6.111932920106756e-51
PKLR-48h	primates	215	0.14800964740807834	0.001261150789715142
RET	mammals	1901	0.04858132192268416	0.0015523631475446035
RET	primates	61	0.13070827477133096	0.13691389041610516
SORT1	mammals	1900	0.31828016566885486	4.3098696810323886e-86
SORT1-flip	mammals	1947	0.3173549151413865	2.7760318924384635e-90
SORT1.2	mammals	1972	0.2832522897080193	2.274790734084817e-73
TCF7L2	mammals	1853	-0.00393640615144437	0.7999648403829518
TCF7L2	primates	57	0.10592291338048733	0.2446680469951621
TERT-GAa	mammals	581	0.23184971625148537	2.0768510576907812e-16
TERT-GAa	primates	389	0.28503133804678105	7.273806469434806e-17
TERT-GBM	mammals	581	0.2361447215389947	2.0073152129253314e-16
TERT-GBM	primates	388	0.27335481785630433	4.855110931158007e-15
TERT-GSc	mammals	580	0.2263231634773288	1.78106022719351e-15
TERT-GSc	primates	390	0.24821037801392554	5.202149865876869e-13
TERT-HEK	mammals	583	0.23759962471782417	1.9649928641342903e-17
TERT-HEK	primates	388	0.2247737733076366	4.164799336519138e-11
UC88	mammals	1941	0.10372311255750838	7.672861332789536e-12
ZFAND3	mammals	1920	0.051305005565045976	0.000867969391052147
ZFAND3	primates	92	-0.09507883420926899	0.17947447925399318
ZRSh-13	mammals	1646	-0.0234692775750843	0.15465150294646537
ZRSh-13h2	mammals	1647	-0.011713434455576826	0.47712470069919233
