Chromosome,Position,Ref,Alt,Tags,DNA,RNA,Value,P-Value,Element,phyloP447,conservation_level
22,19723502,G,A,2335,36896,384033,0.13,0.0,GP1BA,-0.443,great_apes
10,46046364,G,A,3258,37881,75640,-0.06,2e-05,MSMB,0.39,great_apes
10,46046364,G,C,1200,13848,25801,-0.16,0.0,MSMB,0.39,great_apes
10,46046365,T,C,4617,48495,93585,-0.14,0.0,MSMB,1.969,great_apes
10,46046365,T,G,1426,14687,28996,-0.09,1e-05,MSMB,1.969,great_apes
10,46046366,T,A,2802,30754,59421,-0.12,0.0,MSMB,2.479,great_apes
10,46046366,T,C,5317,56349,105993,-0.16,0.0,MSMB,2.479,great_apes
10,46046366,T,G,984,10664,20202,-0.13,0.0,MSMB,2.479,great_apes
10,46046367,T,-,2087,21625,41306,-0.17,0.0,MSMB,3.919,great_apes
10,46046367,T,A,1059,12378,24189,-0.1,5e-05,MSMB,3.919,great_apes
10,46046367,T,C,3205,32287,62628,-0.12,0.0,MSMB,3.919,great_apes
8,127401413,G,-,1,1,1,-1.24,0.00064,MYCrs6983267,0.554,great_apes
1,155301464,T,A,194,336451,3022,-1.47,0.0,PKLR-24h,7.181,great_apes
1,155301464,T,C,160,263569,1561,-1.7,0.0,PKLR-24h,7.181,great_apes
1,155301464,T,G,50,68823,519,-1.96,0.0,PKLR-24h,7.181,great_apes
1,155301464,T,-,2,5,2,-1.68,0.02923,PKLR-48h,7.181,great_apes
1,155301464,T,A,241,49939,9954,-1.9,0.0,PKLR-48h,7.181,great_apes
1,155301464,T,C,239,45025,7548,-1.94,0.0,PKLR-48h,7.181,great_apes
1,155301464,T,G,68,11653,1733,-2.49,0.0,PKLR-48h,7.181,great_apes
2,161238503,A,C,6,198,233,-0.66,0.02924,UC88,2.473,great_apes
2,161238515,A,G,197,25095,35169,-0.11,0.04068,UC88,4.234,great_apes
6,37807770,G,-,266,11786,6209,-0.12,0.02929,ZFAND3,3.215,great_apes
6,37807770,G,A,571,19911,11425,-0.11,0.00304,ZFAND3,3.215,great_apes
6,37807777,G,A,1325,57800,33564,0.06,0.00989,ZFAND3,3.379,great_apes
6,37807777,G,T,564,23851,12508,-0.2,0.0,ZFAND3,3.379,great_apes
6,37807778,C,T,1827,81747,44281,-0.07,0.00062,ZFAND3,3.238,great_apes
